id,text,target,keywords
2,Asante sana for the zawadi,nothate,
,Ametisha sana sura mbaya,,
,Dini zingine ni za ushetani tuu,,
,Imani  zingine ni za ushetani tuu,,
,Kalemeno wakora,Hate,Wakora
,tugege wakora,,
3,Wote wanajulikana kua wachawi,hate,
5,Ni jukumu la kila mwana nchi kujeng taifa lake,nothate,
,team merimera alikuwa takataka,hate,
,sijafurahishwa,hate,
,kubuni dosari,hate,
,bila kusema nilipoteza pesa zangu utapeli tupu,hate,
,sema kupoteza pesa na wakati shetani mkubwa,hate,
,ubunifu ni isiyo ya kawaida sana kwani kipande cha sikio sio kizuri sana hata,hate,
,akili yako imeoza,hate,
,aki si maisha ni magumu,hate,
,enyewe safaricom ni wezi,hate,
,mtandao duni hata line yao niliweka nyuma ya simu yangunatumia airtel,hate,
,mtandao wenu wa g ni mbaya sana siku hizi tafadhali rekebisheni,hate,
,safaricom si muache kucheza na mkopo wa nambari yangu tafadhali mnanifilisisha,hate,
,hauna haki,hate,
,nyinyi mimi nilinunua laini yenu miaka  iliyopita hata peremende sijawai pata gai hata mtu akioa bibi miaka hiyo yote sianamzaliaheeeee nengereni cia maitho kari gani,hate,
,siwezi kuona jinsi sinema hii inavyoweza kuwa msukumo kwa mtu yeyote kushinda woga na kukataliwa,hate,
,ni mbaya sana ni kweli inafaa kuona kwa sababu hiyo,hate,
,muziki mdogo sana au kitu chochote cha kuzungumzia,hate,
,bado mtaishi kuwa wakora ata hii ofa labda kuna kakitu mnaiba haha,hate,
,,hate,
,inaweza kutabirika kidogo,hate,
,sikuipenda mimi,hate,
,mimi sipenda ujinga,hate,
,ilikuwa na kaimu ya wastani kutoka kwa mtu mkuu na ilikuwa bajeti ya chini kama unavyoweza kuona wazi,hate,
,picha ni mbali na sehemu bora ya mchezo,hate,
,leo picha ni ujinga,hate,
,hili lilikuwa haribifu la dhabiti kutoka kwa mawazo yake,hate,
,sikuvutiwa hata kidogo,hate,
,haisisimui hata kidogo,hate,
,lakini hata carrell mwenye talanta hawezi kuokoa hii,hate,
,hadithi yenyewe ni ya kutabirika tu na ya uvivu,hate,
,lakini chochote kile ambacho kiliwagharimu sana hakikuitafsiri kwa ubora hiyo ni kwa hakika,hate,
,kwa hasi ni ya kutosha kusababisha majuto kwa masaa mengine mawili ya maisha yaliyopotea mbele ya skrini,hate,
,muda mrefu mwepesi na hauna maana,hate,
,lakini napendekeza subiri juhudi zao za baadaye acha hii iende,hate,
,nilikatishwa tamaa katika sinema,hate,
,hakukuwa na joto au haiba yoyote kwa picha hizi au wahusika,hate,
,sinema hii inaoga kabisa kwenye mishipa yangu,hate,
,na kwa uaminifu kabisa mara nyingi sio nzuri sana,hate,
,mara nyingi mazungumzo hayafuati kabisa kutoka kwa mstari mmoja hadi mwingine au inafaa mazingira,hate,
,nisingesema wanafaa masaa  ya wakati wako ingawa,hate,
,shida ilikuwa maandishi,hate,
,ilikuwa ya kutisha,hate,
,tuhuma tu ambayo nilikuwa nahisi ilikuwa ni kufadhaika kwa jinsi wasichana walivyowashukia,hate,
,hakuna kitu cha kuaminika juu yake kabisa,hate,
,kwa kweli baada ya klabu ya pamba na kutokuwa mwaminifu ilikuwa ni aibu kuona lane na gere kwenye filamu hii kwa sababu ni mbaya,hate,
,kitendo kilikuwa kibovu mazungumzo hayakuwa ya kina na ya udanganyifu,hate,
,inasikitisha sana,hate,
,kuelekeza na sinema sio nzuri kabisa,hate,
,saa na nusu napenda ningeweza kurudisha,hate,
,uongozaji unaonekana kuwa wa kawaida sana,hate,
,na kwa ujumla mistari na njama ni dhaifu kuliko sehemu ya wastani,hate,
,walakini hii haikufanya kwa ukweli wa jumla hii ilikuwa sinema ya kuchosha sana,hate,
,kulikuwa na dakika kadhaa kwenye sinema ambazo hazihitaji tu kuwa hapo na zilikuwa zikisonga polepole,hate,
,siwezi kuamini kuwa waigizaji walikubali kufanya filamu hii,hate,
,hii ilikuwa kumbukumbu mbaya ya harusi ya marafiki wangu bora,hate,
,sikuweza kustahimili hata kuitazama kwa muda mrefu sana kwa kuogopa kupoteza iq,hate,
,sinema hii ni janga safi hadithi ni ya kijinga na uhariri ndio mbaya kabisa ambao nimeona unachanganya sana,hate,
,ni kupoteza saa na nusu ya muda kufuatia rundo la watu wazuri sana kulia na kulia juu ya maisha,hate,
,niliona mirrormask jana usiku na ilikuwa uzoefu usioridhisha,hate,
,kaimu ni mbaya na uandishi ni mbaya zaidi,hate,
,nililipa sana,hate,
,tena hakuna mpango hata,hate,
,hakuna mpango wowote,hate,
,mbaya,hate,
,hakuna kiwango au habari,hate,
,nachukia sinema kama hizo,hate,
,namaanisha hii kwa njia mbaya,hate,
,hii ni filamu mbaya iliyo na uandishi mbaya na watendaji wazuri katuni mbaya iliyotengenezwa na paul haggis kwa watu ambao hawawezi kushughulikia chochote isipokuwa viboko vya ujasiri katika kusimulia hadithi picha iliyochorwa na makrayoni,hate,
,ilikuwa jambo nzuri kwamba tikiti hugharimu tu dola tano kwa sababu ningekuwa wazimu ikiwa ningelipa  ili kuona ujuaji huu,hate,
,kila kitu ni cha kutisha,hate,
,filamu hii haina huduma za kukomboa,hate,
,hadithi ni zaidi ya kijinga,hate,
,watoto wanachukiza,hate,
,nitasema tena hii ni mateso,hate,
,huo kabisa bila sifa yoyote hii ni sawa na kuteswa,hate,
,mtu anayeongoza hana dhamana,hate,
,labda kungekuwa na maelezo ya kuridhika kwa udhalimu huu,hate,
,sio safari ya kupendeza ya kujitambua,hate,
,ndio ni mbaya sana,hate,
,hakuna chochote cha kupendekeza,hate,
,sinema hii iliteseka kwa sababu ya uandishi ilihitaji tuhuma zaidi,hate,
,sinema hii ni mbaya,hate,
,mbaya sana,hate,
,kwa kweli hii ni moja wapo ya zile mbaya,hate,
,uwepo wake kwenye skrini uliangaza mawazo hata kama kulikuwa na watendaji wengine wakuu kwenye skrini na yeye,hate,
,sioni kweli jinsi mtu yeyote angefurahiya sinema hii,hate,
,labda ingekuwa bora ikiwa mkurugenzi hangetumia wakati mwingi wa sinema kuonyesha kazi yake mwenyewe ya sanaa ambayo sio ya kushangaza sana,hate,
,usipoteze wakati wako,hate,
,walakini hivi majuzi nilitazama kitu hicho tena kwenye dvd na nilipigwa macho kabisa na jinsi hadithi ya hadithi ilikuwa ya kijinga jinsi ilivyokuwa na mashimo kutokubaliana na kusema ukweli ujangili mwingi na jinsi dansi hiyo ilivyokuwa,hate,
,mishima haifurahishi sana,hate,
,kwa hivyo hadithi nzima haina nguvu fulani,hate,
,kwa kushangaza mimi hupata sinema zake kupoteza muda mwingi kutazama,hate,
,maendeleo ya mhusika pia hayapatikani kwa kina,hate,
,ninamaanisha katika ulimwengu wa kweli asingeweza kuingia kwenye kumbukumbu hiyo ya ballet jambo lote lilikuwa ni ujinga kabisa,hate,
,mazungumzo mabaya zaidi yaliyo wazi kabisa ningeweza kuendelea na kuendelea,hate,
,kwa kusikitisha filamu hiyo inashindwa,hate,
,sinema haina upendeleo wa kuona mchezo wa kuigiza usemi wa hisia na maadhimisho ya uzalendo ambao unasisitiza hadithi hiyo,hate,
,hakuna mwigizaji ambaye ametumika vibaya zaidi kwamba juni allison kwenye sinema hii,hate,
,kwa bahati mbaya hii ni sinema mbaya ambayo ni mbaya kabisa,hate,
,lakini sinema hii sio ya kuchekesha ukizingatia ujinga wake,hate,
,nilitoka ndani nikisikia hasira,hate,
,sina uhakika alikuwa anajaribu kufanya nini na filamu hii,hate,
,ikiwa ilikuwa kugeuza hisia zangu za siku njema kuwa usiku wa kumbukumbu zinazosumbua kuliko nadhani alifanikiwa,hate,
,ililazimishwa kama kila kitu kwenye sinema hii,hate,
,nilipoiona kwenye ukumbi wa michezo nilidhani nitakuwa mgonjwa,hate,
,ukadiriaji  kati ya negative,hate,
,kwa kweli nilitapika nikitazama filamu hii,hate,
,natafsiri sinema kwa ajili ya kuishi na hii ni sinema ya kwanza katika uzoefu wangu wa miaka  wa kufanya kazi ambao nimepata kukosoa akili yangu,hate,
,kwa wale wanaopata sinema hii kuwa ya akili au hata ya ustadi naweza kusema tu ni akili yako na fikira zako waziwazi ulizoea kujaribu na kufanya hisia za jaribio hili la kusikitisha ni kwa asili yetu ya kibinadamu kujaribu na kufanya hisia za mambo,hate,
,lakini wakati mtu anajitahidi kwa ukuu na ushairi lakini akiwasilisha hadithi ya matope na mara nyingi ni ujinga kundi la visa tofauti mazungumzo ya udanganyifu halafu unapata aina mbaya zaidi ya sinema ambayo mhakiki wengine alielezea kwa usahihi kama dharau ujanja,hate,
,jambo moja zaidi naweza kuvumilia usahihi wa kisiasa vizuri mimi ni wote kwa uhuru wa kisanii na kusimamishwa kwa kutokuamini lakini tabia ya kike ya slavic ilikuwa tu sana,hate,
,mipangilio ya malta ni kavu na tasa kama mazungumzo,hate,
,sinema hii ni mbaya,hate,
,kwa wale ambao hawajaiona usipoteze wakati wako,hate,
,kuiita sinema hii mchezo wa kuigiza ni ujinga,hate,
,nilianza kutizama hii lakini sikuamini mhusika yeyote,hate,
,hasa uhusiano kati ya msaidizi wa mkate na kijakazi haukufanya kazi kwangu kabisa,hate,
,nimefurahi sikulipa kuiona,hate,
,sikucheka au hata kutabasamu mara moja,hate,
,kila kitu kuhusu sinema hii ni kijinga,hate,
,hata kama unapenda sinema mbaya usitazame sinema hii,hate,
,ni aibu,hate,
,wahusika mpya hawakuwa wa kukumbukwa kabisa na nilijikuta nikisahau ni nani,hate,
,nilihisi kana kwamba kwenda kwake ireland hakukufanya chochote,hate,
,haikuniogopeshawala kunishtua au kunifanya niwe na huruma kwa wahusika ilikuwa ya kukasirisha tu,hate,
,kulikuwa na majaribio machache ya huruma kuwapa wahusika kina kirefu lakini haikufanya kazi kabisa katika mpango wote uliobaki,hate,
,ikiwa utaiona labda unapaswa kuiacha kwenye rafu,hate,
,lucy bell ni juu sana kuliko ujinga huu na kwa yeye kuzama kwa hali ya chini hii ni ya kufadhaisha,hate,
,karibu nyimbo zote kwenye cover girl ni za zamani na sio za kufurahisha,hate,
,jambo la kuchukiza juu ya msichana wa jalada ni njia ambayo rita hayworth amewekwa juu ya msingi,hate,
,kwa bahati mbaya cover girl ni kielelezo cha jinsi hollywood ilivyokuwa ikiwatumia wanawake kwa faida ya kifedha,hate,
,mbaya zaidi kuliko ticker,hate,
,sinema hiyo ilikuwa mbaya,hate,
,sikuweza kuzichukua kwa uzito,hate,
,nilipenda majengo  ama  tu yaliyotumiwa labda maeneo kadhaa duni hummh,hate,
,natamani ningeweza kuingiza maadili hasi admins,hate,
,seti ni mbaya sana haingeonekana kuwa nje ya mahali kwenye sehemu ya thunderbirds,hate,
,matumizi ya mwendopolepole hujirudia yenyewe kwenye sinema lakini imeungwa mkono na kaimu mbaya na mbaya ni neno fadhili hapa hakuna mwendelezo picha ambazo zimetupwa bila sababu yoyote magari ambayo yalionekana kama yalitengenezwa kutoka kwa sanduku la corn flakes na mtindo wa kuelekeza uliopakana na ujinga,hate,
,ah ndio na hadithi ilikuwa ya kusikitisha pia,hate,
,ninachukia kuandika hakiki mbaya juu ya filamu haswa zile ambazo napenda sana nyota lakini filamu hii ni mbaya siamini kwa sekunde moja kuwa mtu yeyote angeweza kujivunia,hate,
,mimi si mtengenezaji wa filamu wala sio mkurugenzi lakini ningekificha kichwa changu kwenye mchanga ikiwa ningetumia kiasi chochote cha pesa na wakati kwenye sinema hii,hate,
,kwa kifupi hii ilikuwa upotezaji wa muda na nguvu na singependekeza mtu yeyote kuona filamu hii,hate,
,ilikuja bure na kicheza dvd nilichonunua lakini bado nilibadilisha kitu hicho kwa sababu nilikuwa na aibu kwa howell,hate,
, na kwa sababu tu hakuna mpangilio wa negative,hate,
,lo filamu mbaya namna gani,hate,
,sio ya kutisha angalau na haieleweka wazi,hate,
,haifai hata kwa thamani ya kambi,hate,
,sikutarajia vifaa vya oscar lakini hii,hate,
,filamu hii na mimi hutumia neno hilo kwa upole ni tusi kwa umma unaokwenda sinema,hate,
,ikiwa tu mtu anayehusika nayo angelijua jinsi ya kujumuisha simulizi,hate,
,hii inapata  kati ya  kwa sababu tu hakuna kitu cha chini,hate,
,hii ni moja ambayo sikuwa nayo lakini niliitazama hivi majuzi kwenye channel ya sinema ya fox na nilisikitishwa sana,hate,
,victor mclaglen alikuwa mbaya hata na brian donlevy alikuwa haeleweki,hate,
,kitu kibaya zaidi kuliko uigizaji wa taylor ilikuwa kuimba kwa stanwyck,hate,
,hata squibs anaonekana mbaya,hate,
,mazungumzo yanaundwa na vitu ambavyo havielewi vizuri,hate,
,kwa kweli kaimu ni blah,hate,
,na mwishowe baada ya yote hayo tunafikia tamati ambayo ingekuwa nzuri ikiwa ingeshughulikiwa na watu wenye uwezo na sio jerry falwell,hate,
,ni aina tu ya pap ambayo inapetiwa alasiri ili kuwaadhibu wasio na kazi kwa kukosa kazi,hate,
,karibu kama dakika kumi kwenye filamu hii nilianza kuwa na mawazo ya pili,hate,
,karibu nusu ya njia ya filamu hii nilianza kuichukia,hate,
,kufikia wakati filamu ilipoisha sikuichukia tu niliidharau pia,hate,
,ukadiriaji  daraja z kumbuka maonyesho ni mbaya kwamba hata mama wa mwigizaji akatoa binti yake kati ya show,hate,
,kuangalia mashine ya kuosha ikizunguka haitakuumiza macho yako kama vile onyesho hili,hate,
,neno la mwisho show hii ni mateso kwa kweli,hate,
,kila kitu juu yake ni mbaya tu,hate,
,hii labda ni onyesho la kukasirisha sana ambalo nimewahi kuona katika maisha yangu yote,hate,
,kile filamu hii inakosa ni maandishi ya kushawishi,hate,
,karne ya  ya foxs road house  sio tu hadithi ya kipumbavu lakini ni fumbo lisilofahamika la sinema,hate,
,imejaa wahusika wa kadi isiyo na kifahari iliyoandikwa wazi na edward chodorov ambaye pia alitengeneza na kwa kushangaza anaelekezwa na jean negulesco ambaye mtu angetegemea mpango mkubwa zaidi,hate,
,kuanzia hapa mhusika wa widmark anageuka mchesi bila kukusudia,hate,
,kuna shida nyingi sijui nianzie wapi,hate,
,lakini sinema hiyo inafanya makosa mengi sana,hate,
,chochote kilichochochea maandishi haya ni zaidi yangu,hate,
,kupoteza kwake marumaru mapema sana katika kesi hiyo haifurahishi,hate,
,kwanza kabisa kuna mitindo ya kichekesho ya kutosha na utani wa rangi ili kumkasirisha kila mtu,hate,
,tukiacha ubaguzi wa rangi wacha tuangalie upungufu mkubwa kwenye filamu wanaharibu mhusika wa latifah,hate,
,singependa kuona hii sinema tena hata bure,hate,
,mbaya sana mmmh ni mbaya tu,hate,
,hii inaweza kuwa ndiyo filamu mbaya tu ambayo amewahi kutengeneza,hate,
,sidhani kama kuna sifa zozote za ukombozi katika kumbukumbu hii,hate,
,nimesikitishwa sana kuwa filamu hii itapokea tuzo nyingi na sifa nyingi haswa ikiwa kuna kazi zinazofaa zaidi za filamu huko nje,hate,
,sinema hii ni mfano thabiti wa njama mbaya na wazo mbaya sana kila mahali,hate,
,ni aibu kuona watendaji wazuri kama thomerson na james wanaishi kwa fujo kama hii,hate,
,nakala ni fujo kubwa linalopotoka,hate,
,wacha tuanze na shida zote kaimu haswa kutoka kwa profesa mkuu alikuwa mbaya sana,hate,
,filamu zote mbili ni mbaya lakini kwa sifa ya toleo la  ilionekana,hate,
,nilidhani ilikuwa mbaya,hate,
,mkurugenzi paul matthews ambaye pia aliandika kuelekeza sinema dhaifu ya monster  grim wazi hajui jinsi ya kuongeza kasi filamu zake,hate,
,sinema inaudhi,hate,
,filamu inaonekana ya bei rahisi na isiyo na maana,hate,
,mojawapo ya mambo yanayokatisha tamaa zaidi ni ukosefu wa balaa kubwa,hate,
,athari za kuona zilikuwa mbaya,hate,
,mlipuko wa mizinga ya gesi mwishoni ulikuwa mbaya tu,hate,
,mkutano huu haujawahi kufanya kazi vizuri zamani na hakika haifanyi kazi hapa,hate,
,haipendekezwi,hate,
,haipendekezi,hate,
,ninaelewa kuwa inapaswa kuwa vichekesho cha bei nafuu cha popcorn lakini hiyo haimaanishi kuwa inabidi itukane akili zetu na kuandika maandishi mabaya sana kiasi kwamba inapakana na kukera,hate,
,kipaji kikubwa cha lewis black kinatoweka hapa pia kwa vile yeye ni mtangulizi wake wakati yeye hajazuiliwa ambayo rating ya pg hakika haitakubali,hate,
,bajeti ilikuwa dhahiri sana,hate,
,walakini hapa hakukuwa na kaimu bora kitendo au kazi ya eneo kusawazisha mambo,hate,
,filamu ilikuwa ndogo sana,hate,
,haikufaulu kufikisha jumla ya mandhari ambayo yalikuwa sehemu kubwa ya asili,hate,
,kwa jumla ilikosa tu mawazo,hate,
,sipendekezi,hate,
,je inawezekana kwa sinema kuwa mbaya zaidi kuliko hii,hate,
,hata wakati wanawake watajidhihirisha hakuna ishara ya uboreshaji mambo yanayotarajiwa sana kutokea na wakati filamu imekwisha unaweza kuwa umelala sana,hate,
,jihadharini hii sio sinema ya ibada ya kidini hii ni kipindi cha takataka,hate,
,siwezi kuamini kuwa kuna njia ijayo kwa hii,hate,
,ambayo ni kwa nini ninaipa hakiki mbaya,hate,
,mistari yake inaonekana kuwa imeandikwa na mtu wa miaka kumi na tano ingawa wanajaribu sana kusikika kama vile mtu wa miaka kumi na tano angeongea,hate,
,hakuna udhuru kwa kitu hiki ambacho hakijafanywa vizuri,hate,
,niliona sinema hii na nilidhani hii ni sinema ya kijinga,hate,
,ni nini kijinga zaidi ni kwamba ni nani aliyefikiria wazo kwamba kunapaswa kuwa na volkano huko los angeles,hate,
,ili kuwa mkweli na wewe hii ni ya upumbavu isiyo ya kushangaza na ni ujinga sana,hate,
,kwa kumalizia sitajisumbua na sinema hii kwa sababu volcano huko los angeles sio kitu lakini ni isiyo na maana,hate,
,mstari wa hadithi ni mbaya tu,hate,
,ni chungu tu,hate,
,na lafudhi ni mbaya sana,hate,
,kuna unafiki wa kutosha katika filamu hii kunifanya nitapike,hate,
,usipoteze muda wako kutazama filamu hii ya takataka ambayo haijafanywa utafiti,hate,
,ukadiriaji wangu  tu kati ya negative,hate,
,bila kujali filamu inashindwa kwa viwango vingi,hate,
,ninajua kuwa jim oconnor alikuwa na nguvu sana na kwamba hakuna mtu anayeweza kuwa kama yeye lakini george hakuwa na riba,hate,
,epuka kwa gharama zote,hate,
,siipendekezi,hate,
,sinema hii ni mbaya sana kwa akili haingeweza hata kutengenezwa,hate,
,isipokuwa tu uko kwa kukusanya filamu zote za kazi za austen unaweza kuruka hii,hate,
,si nzuri,hate,
,si ya kufurahisha,hate,
,sio nzuri,hate,
,hata kuruhusu viwango duni vya uzalishaji kwa wakati huo  na muundo aina fulani ya mfululizo wa mini hii ni mbaya,hate,
,najuta,hate,
,utajuta,hate,
,utendaji mbaya sana hucheza angela bennett mtaalam wa kompyuta ambaye yuko nyumbani wakati wote,hate,
,ni filamu isiyohusu kitu chochote kisingizio tu cha kuonyesha matukio ya kejeli,hate,
,yeye ni mbaya sana,hate,
,lakini yeye bado ni mwigizaji mbaya akirudia sura yake ya uso wa robotic katika kila moja ya picha zake,hate,
,matokeo ni aibu,hate,
,mimi ni shabiki mkubwa wa michezo ya rpg lakini sinema hii ni aibu kwa shabiki yeyote wa rpg anayejiheshimu,hate,
,hadithi hizo zilikuwa zisizoaminika kama wahusika,hate,
,mistari kupunguzwa sauti kila kitu kibaya,hate,
,unaweza kupata sinema bora kwenye youtube,hate,
,mstari wa juu usipoteze wakati wako na pesa kwenye hii ni mbaya kama inavyotokea,hate,
,sana ujinga katika kila nyanja kuwa inakuwa fujo nyepesi isiyo ya kupendeza hii ni moja ya sinema zinazosahaulika sana ambazo nimeona,hate,
,epuka epuka epuka,hate,
,itakuendesha kupiga wazimu,hate,
,hakuna kitu kipya hapo,hate,
,sinema haina hatua yoyote ndani yake na ucheshi ni mdogo sana,hate,
,maonyesho haya hayafurahishi,hate,
,nimechoka sana na nguzo ambazo ni uvivu tu kuandika na hapa wanakuja kwa nene na haraka,hate,
,kwanini filamu hii ilitengenezwa,hate,
,matokeo yake ni filamu ambayo haionekani kuwa sawa,hate,
,hakuna hata mmoja wao anayefurahisha,hate,
,the foreigner haifai sekunde moja ya wakati wako,hate,
,njama hiyo ni ya kijinga ambayo haifurahishi kwa njia yeyote,hate,
,jinsi kipande hiki cha takataka kilivyowahi kutolewa ni imenishinda uigizaji hadithi wahusika athari zinazodaiwa kuwa maalum nk zote ni mbaya,hate,
,epuka kwa gharama zote,hate,
,star trek v frontier ya mwisho ndio mbaya zaidi kwenye safu,hate,
,mahali pema tu kwa filamu hii iko kwenye takatakataka,hate,
,mbaya zaidi ya mfululizo,hate,
,nilikatishwa tamaa na kujiuliza jinsi inaweza kuwa katika orodha fupi ya oscar,hate,
,usipoteze muda wako,hate,
,ni kama sinema mbaya ya saa mbili,hate,
,bado ninajaribu kupata jinsi ilikuwa mbaya,hate,
,hii ilikuwa moja ya filamu mbaya kabisa ambayo nimewahi kuona,hate,
,kwa kweli hajui jinsi ya kutengeneza sinema ya vitendo madhubuti kutoka kwa mwandishi wa jeshi la anga ambaye alilazimika kuandika hati hiyo kwa pesa nyingi tu,hate,
,mwisho wa siku ni moja ya sinema mbaya zaidi za bajeti kubwa ambazo nimewahi kuona,hate,
,sasa fikiria kwamba kila moja ya maamuzi hayo yalifanywa vibaya,hate,
,shida ni kwamba uandishi na kuelekeza hufanya iwezekani kuanzisha vitu,hate,
,haina maana na inapoteza muda,hate,
,kwa kifupi usijiumbue na sinema hii,hate,
,pia hadithi na kaimu zilikuwa dhaifu,hate,
,karibu saa  jioni niliinunua saa  jioni nilianza kuitazama karibu saa  jioni nikasambaza haraka filamu iliyobaki ili kuona ikiwa kuna kitu chochote kilichobaki cha kutazamwa kwa mwanadamu aliye na ubongo lakini hakukuwa,hate,
,nakala ni ya kijinga,hate,
,kila kitu kapteni howdy anasema kijinga wazi tu,hate,
,filamu hii inajaribu kuwa ya kusisimua na ya kushangaza ya kutisha na inashindwa vibaya,hate,
,hii labda ni moja ya sinema zisizo na ufanisi,hate,
,kwa kiwango chochote filamu hii haipendezina sio ya kuchekesha,hate,
,epuka kwa gharama yoyote na yote,hate,
,epuka filamu hii kwa gharama zote,hate,
,sasa hii ni sinema ambayo sipendi kabisa,hate,
,sio ya kufurahisha,hate,
,vinginevyo usipoteze wakati wako kwenye hii sinema,hate,
,hii inashindwa kuunda tuhuma yoyote ya kweli,hate,
,kwa habari ya muuaji usitegemee kitu chochote cha asili au hata cha kutisha kwa mbali,hate,
,samahani lakini kwa kweli siwezi kuipendekeza kwa mtu yeyote,hate,
,mstari wa njama ya pili haueleweki,hate,
,niliichukia,hate,
,haipendezi,hate,
,hii ni moja ya sinema mbaya zaidi ya sandra bullock tangu speed  lakini sio mbaya kabisa,hate,
,sielewi jinsi takataka hii ilifika kwenye rafu za duka la sinema hata sio sinema halisi,hate,
,nina shaka sana kuwa mtu yeyote angependa takataka hii,hate,
,hii sio ya kutengeneza sinema,hate,
,kaimu ni kama kutazama vijito vya mbao vinazunguka na kusoma kutoka kwa kitabu ndivyo ilivyo mbaya,hate,
,nakubaliana na jessica sinema hii si nzuri sana,hate,
,nimeona michezo ya sabuni yenye akili zaidi kuliko sinema hii,hate,
,wahusika wabaya hadithi mbaya na kaimu mbaya,hate,
,kweli mbaya,hate,
,si rahisi kutizama,hate,
,sinema ilionekana polepole kidogo mwanzoni,hate,
,ni mbaya sana kwamba kila mtu mwingine aliyehusika hakushiriki kiwango cha kujitolea cha crowe kwa ubora kwa maana ikiwa wangefanya tungekuwa na filamu bora zaidi mikononi mwetu kuliko fujo hili ndogo,hate,
,ni dharau kwa akili ya mtu na upotezaji mkubwa wa pesa,hate,
,ila mbaya,hate,
,kwa neno moja ni aibu,hate,
,kwa bahati mbaya fadhila yoyote katika kazi ya utengenezaji wa filamu hii ilipotea kwenye hati ya kusikitisha,hate,
,bila kusema nilipoteza pesa zangu,hate,
,nilipoteza pesa na wakati,hate,
,matangazo ni ya kupotosha zaidi,hate,
,nilienda kwenye wavuti ya motorola na kufuata mwelekeo wote lakini sikuweza kuipata tena,hate,
,watu hawakuweza kunisikia nikiongea na ilibidi nikatoe earphones na kuongea kwa simu,hate,
,sikufikiria kwamba maagizo yaliyotolewa yalinisaidia,hate,
,nilimnunua mama yangu na alikuwa na shida na betri,hate,
,haiweki shati,hate,
,nina zaidi ya miaka miwili katika mkataba huu na ninachukia simu hii,hate,
,utendaji duni wa wakati wa majadiliano,hate,
,bidhaa isiyo na maana,hate,
,nasikia tu takataka za sauti,hate,
,sikuvutiwa na bidhaa hii,hate,
,nani katika akili zao sahihi ataweza kununua betri hii,hate,
,sijafurahishwa hata kidogo,hate,
,sijafurahi nayo hata kidogo,hate,
,vifungo ni mbaya,hate,
,kwa kweli unaweza kusahau msaada wa teknolojia ya microsoft,hate,
,nunua simu tofauti lakini sio hii,hate,
,lazima ushike simu kwa pembe fulani ili mtu mwingine asikie wazi,hate,
,mic haifanyi kazi,hate,
,hata katika safu yangu ya bmw  ambayo ni kimya kabisa nina shida kusikia kile mtu mwingine anasema,hate,
,usinunue kwa d kutangazwa vibaya kwa dnegative,hate,
,nilinunua hii na baada ya siku  haikufanya kazi tena,hate,
,sio biashara nzuri,hate,
,hakufanya kazi nzuri,hate,
,vifaa hivyo havikunipendeza,hate,
,sikupendezwa na vifaa hivyo,hate,
,kwa bidhaa inayogharimu sana kama hii ninatarajia ifanye kazi vizuri zaidi na kwa urahisi zaidi kuliko kitu hiki,hate,
,bidhaa hii ilifanya kazi nzuri lakini ikavunja baada ya miezi  ya matumizi,hate,
,usipoteze pesa yako,hate,
,nilipokea motorola yangu mpya inayodaiwa kuwa  na inaonekana hakukuwa na mechi kati ya simu na chaja,hate,
,huo ni dosari kubwa ya kubuni,hate,
,kamera ingawa imekadiriwa kwa megapixels zenye kuvutia  hutoa picha ambazo zinaanguka chini ya matarajio ya azimio kubwa kama hilo,hate,
,haifanyi kazi,hate,
,nilipata simu hii karibu na mwisho wa mei na sina furaha nayo,hate,
,ubora mbaya,hate,
,kimsingi huduma ilikuwa mbaya sana,hate,
,mnunuzi kuwa mwangalifu sana,hate,
,sikufurahi na kitu hiki,hate,
,simu inachukua muda mwingi kuchaji kama masaa  hadi negative,hate,
,mapokezi yake ni duni sana,hate,
,vitu vilivyosemwa kama vilivyojumuishwa kutoka kwa maelezo havijajumlishwa,hate,
,nilikuwa natarajia zaidi,hate,
,ubora wa sauti ni duni duni sana,hate,
,siwezi kamwe tena,hate,
,jumia ghana ndio mbaya kabisa,hate,
,nililipa bidhaa kisha wakanipa bandia na isiyo ya kazi,hate,
,jumia sio mwaminifu hata kidogo,hate,
,jumia sio wa kuaminika hata kidogo,hate,
,nadhani huu ni mpango wangu wa mwisho na hawa watu wasio wakubwa,hate,
,sikushauri mtu yeyote kufuata jumia nchini ghana au mahali pengine,hate,
,tafadhali usinunue kutoka kwao kwangu ni udanganyifu,hate,
,mlango huu haufunguki vizuri,hate,Keywords
,sifaulu,hate,Keywords
,hufaulu,hate,Keywords
,hafaulu,hate,Keywords
,hatufaulu,hate,Keywords
,hamfaulu,hate,Keywords
,hawafaulu,hate,Keywords
,haufaulu,hate,Keywords
,haifaulu,hate,Keywords
,hakifaulu,hate,Keywords
,havifaulu,hate,Keywords
,siji,hate,Keywords
,huji,hate,Keywords
,haji,hate,Keywords
,hatuji,hate,Keywords
,hamji,hate,Keywords
,hawaji,hate,Keywords
,hauji,hate,Keywords
,haiji,hate,Keywords
,hakiji,hate,Keywords
,haviji,hate,Keywords
,watoto hawali chakula chao,hate,
,mganga haji jumanne,hate,
,viazi vile havionekani,hate,
,kitabu hiki ni kibaya sana,hate,
,sidhani,hate,
,haendi,hate,
,kitabu hakijasomwa,hate,
,mlango haufungiki,hate,
,kisu hakikati vyema,hate,
,hawanywi,hate,
,nyinyi hamchezi kwani,hate,
,kwani hauoni,hate,
,mishahara haiongezwi,hate,
,yeye si mgojwa,hate,
,hafuatili,hate,
,hawatizami,hate,
,mishumari haifai,hate,
,mkate huu hautoshi,hate,
,mimi siwezi kuja leo,hate,
,nyenzo hii haikauki haraka,hate,
,wewe hausiki,hate,
,halali chini,hate,
,mimi sili viazi,hate,
,yeye hali viazi,hate,
,sinunui mkate mjini kwa sababu haifai,hate,
,moto huu hauwaki vizuri,hate,
,jaribu tena,hate,
,hapo kwa kupanda ndege pananiumankijua hata sijawai enda jkia,hate,
,aki jamanihawajui kigerman,hate,
,maudhui hayajashughulikiwa kwa kina,hate,
,hii haifai hata kidogo,hate,
,serikali iliwatendea raia wake unyama,hate,
,hatukupenda walivyotukaribisha,hate,
,sikuipenda hata kidogo,hate,
,nimechoshwa na kukaa maeneo haya,hate,
,waaah ni kubaya,hate,
,sheria kali zilizowekwa katika saa za kuabiri treni na ushindani kutoka kwa kampuni za mabasi na ndege zinazolipisha bei nafuu zimewafanya abiria wengi kuacha kutumia sgr,hate,
,hii ina maana kuwa nchi ilipata zaidi ya sh bilioni mwaka jana kutoka kwa biashara hiyo ya kusafirisha mizigo ambayo bado iko chini sana kulingana na gharama ya mwaka mzima ya sh bilioni ya kufanya ukarabati,hate,
,am sure uko na wengi kumliko ni ile tu huna platform ya kutuonyesha ujinga kama ile simba ametuonyesha hii east africa,hate,
,iyo kazi si rahisi,hate,
,mafunzo yalikuwa makali sana,hate,
,kutoka alshaabab si kazi rahisi,hate,
,kufanikiwa na kuwa na ushawishi katika maisha ya kawaida ya binadamu si jambo rahisi,hate,
,yeye ni mrembo sana,hate,
,tunaipenda hii ngoma sana,nothate,
,yani nahisi mapenzi hadi kwa miguu naipenda ngoma ,nothate,
,waah hii ngoma ilikua imeshika nikiwa darasa la  yanirudisha nyuma kweligenge hadi mwisho wangu,nothate,
,safi mgenge na hii ngoma bado ni moto,nothate,
,kasha nzuri thamani bora,nothate,
,nzuri kwa taya,nothate,
,nilipenda alivyokuwa akicheka,nothate,
,wimbo mzuri sana unafundisha kwa hawa warembo wetu wa kileo majivuno kibao,nothate,
,wimbo wa ukweli kama una goja  nipe like,nothate,
,huu wimbo ni kama vile umetolewa jana wimbo huu una maudhui makubwa tena ya kueleweka vizuri mungu atuhurumie amen,nothate,
,asante kwa nyote ambao walichukua wakati wao kuandika kwenye video hiishukrani sana ndugu zanguni,nothate,
,ikiwa wewe ni mmiliki wa razr lazima uwe na hii,nothate,
,na ubora wa sauti ni nzuri,nothate,
,alivutiwa sana wakati wa kwenda kutoka kwa betri ya asili hadi betri iliyopanuliwa,nothate,
,ubora mzuri sana,nothate,
,sauti tamu sana dady rudi studio tena umepotea sana,nothate,
,inafanya kazi nzuri,nothate,
,waaaaa mtoto mzuriii,nothate,
,ndio napenda wimbo ujumbe mzuri,nothate,
,hiyo sautinadhani watanzania wengi wana sauti za kushangaza,nothate,
,mungu amekubariki sana aslay  mko wapi,nothate,
,haki napenda hii wimbousikufe moyo wimbo mzuri,nothate,
,mtoto ana talanta sana,nothate,
,krismasi njema,nothate,
,valentines zenye furaha,nothate,
,sikukuu njema,nothate,
,upendo wa mungu baba ni wa maajabu sana,nothate,
,upendo hauna chuki,nothate,
,mtandao wa kushangaza wa g katika mji wa mombasa pamoja na mipango nzuri sana na ya bei rahisi,nothate,
,wakenya nawapenda sana kutoka tz naombeni like zenu,nothate,
,asanteni sana majirani wetu kutoka kenya,nothate,
,kazi nzuri,nothate,
,hii ni sinema ya kushangaza,nothate,
,hii ni filamu bora,nothate,
,yeye ni hazina ya kitaifa,nothate,
,maonyesho ya angani yalifanywa vizuri,nothate,
,ilikuwa pia usawa sahihi wa vita na upendo,nothate,
,kris kristoffersen ni mzuri kwenye sinema hii na kweli hufanya tofauti,nothate,
,filamu nzuri na mkurugenzi mkubwa,nothate,
,kwa kweli hii ni moja ya kumbukumbu bora ambayo nimeona wakiangalia uhusiano wa kifamilia na ndoa,nothate,
,hii ni sinema nzuri tu,nothate,
,nyota  kati ya ,nothate,
,tukio bora katika sinema ilikuwa wakati gerardo anajaribu kupata wimbo ambao unaendelea kupitia kichwa chake,nothate,
,na penda,nothate,
,ni nzuri sana ningeipendekeza kwako,nothate,
,hii ni ofa nzuri,nothate,
,shukrani sana,nothate,
,asante sana mwalimu kwa somo nzuri,nothate,
,aliona sinema leo na alidhani ni juhudi nzuri ujumbe mzuri kwa watoto,nothate,
,na hao bundi watoto walikuwa wa kupendeza,nothate,
,sinema ilionesha florida nyingi saa bora ikaifanya ionekane ya kupendeza sana,nothate,
,nyimbo zilikuwa nzuri zaidi,nothate,
,siwezi kufikiria filamu nyingine ambayo kitu muhimu sana kinatokea kila dakika nyingine,nothate,
,kwa maneno mengine kiwango cha yaliyomo katika filamu hii inatosha kujaza filamu zingine kadhaa kwa urahisi,nothate,
,je mtu yeyote katika akili zao sahihi anaweza kuuliza chochote zaidi kutoka kwenye sinema kuliko hii,nothate,
,ni aina ya juu kabisa ya juu zaidi ya sinema inayowezekana,nothate,
,ndio filamu hii inahitaji idadi kubwa ya utatuzi wa puzzle lakini vipande vinafaa pamoja kuunda picha nzuri,nothate,
,hii ni nambari ya kwanza ya th bora mfululizo,nothate,
,inastahili upendo mkali,nothate,
,kuna viwango vikubwa wahusika wasioweza kufunguliwa ni mchezo mkubwa tu,nothate,
,tumia pesa zako kwenye mchezo huu,nothate,
,hii ndio aina ya pesa inayotumiwa vizuri,nothate,
,kweli picha hizo zilikuwa nzuri wakati huo,nothate,
,kama wanasema katika canada huu ni mchezo wa kufurahisha aye,nothate,
,huu mchezo unatumbuiza,nothate,
,inunue icheze jitumbuize nayo ipende,nothate,
,ni uahisi kamili,nothate,
,filamu inafanikiwa licha au labda kwa sababu bajeti ndogo,nothate,
,ninafurahi filamu haikuenda kwa chaguo dhahiri zaidi kama filamu ndogo hakika ingekuwa nayo,nothate,
,kwa kuongezea kuwa na moja ya nyimbo nzuri zaidi ambayo imewahi kuandikwa kanada ya ufaransa pia inajivunia moja ya wanawake wakubwa zaidi wanaowahi kuchukua neema kwenye skrini,nothate,
,ni ngumu kutokuanguka kichwajuuvisigino kwa upendo na msichana huyo,nothate,
,wahusika bora mstari wa hadithi bora maonyesho bora,nothate,
,anne heche alikuwa akishawishi kabisa,nothate,
,maonyesho ya sam shepard ya baharini ya mashoga yalikuwa mazito,nothate,
,nadhani tom hanks ni muigizaji mzuri,nothate,
,nilifurahia kusoma kitabu hiki kwa watoto wangu wakati walikuwa wadogo,nothate,
,kuna mambo kadhaa kwa ujumla ndani yake,nothate,
,ikiwa unataka sinema ambayo sio mbaya lakini inakupa baridi hii ni chaguo nzuri,nothate,
,alexander nevsky ni filamu nzuri,nothate,
,kwa jumla filamu hiyo ni ya kuvutia na ya kusisimua,nothate,
,upepo na simba zimeandikwa vizuri na zimetenda kwa vitendo,nothate,
,kwa kweli yeye ni wa maajabu,nothate,
,ni aina ya kweli,nothate,
,kwa kweli inafaa kuangalia,nothate,
,maonyesho ya mara nyingi huwa ya kuchekesha na mara kwa mara yanagusa wahusika wanapotathmini maisha yao na wapi wanaenda,nothate,
,ikiwa unatafuta sinema na filamu ya kutisha muziki mzuri pamoja na toleo la shirley jones la njia unaonekana usiku na mwisho ulioinua jaribu hii,nothate,
,kitu pekee ambacho kilistahili kutazamwa ilikuwa mazingira na nyumba kwa sababu ni nzuri,nothate,
,sidhani utasikitika,nothate,
,lakini kwa suala la uandishi ni safi sana na ujasiri,nothate,
,niliipenda sana hiyo,nothate,
,,nothate,
,niliipenda sana hii sinema,nothate,
,ningemshauri mtu yeyote aende akaione,nothate,
,bado napenda sinema hii kwa uwezeshaji wa wanawake hakuna sinema za kutosha huko nje kama hii,nothate,
,utendaji bora kutoka kwa bi,nothate,
,ni vizuri pia kuona kwamba mwandishi mashuhuri wa skrini frances marion hajakosa hatua inayoenda kimya hadi sauti,nothate,
,utaipenda,nothate,
,nimeipenda,nothate,
,tumeipenda,nothate,
,sinema ambayo nilipokea ilikuwa filamu bora kwa miaka yake,nothate,
,john wayne alifanya kazi ya kushangaza kwa kuwa mchanga sana kwenye tasnia ya sinema,nothate,
,utendaji wake ni fikra tu,nothate,
,maisha ya ray charles yalitoa nyenzo bora za kibinadamu kwa filamu ambayo inaendelea zaidi ya kuwa sinema nyingine tu juu ya mwanamuziki,nothate,
,hitchcock ni mkurugenzi mzuri,nothate,
,pili hitchcock alijitosheleza sana na kusisimua sinema,nothate,
,nilivutiwa kabisa na muziki densi kila kitu,nothate,
,nilipoiangalia sinema hii mara ya kwanza katika miaka ya  niliipenda,nothate,
,filamu inayo watendaji wakuu mkurugenzi mkuu mada muhimu angalau mada muhimu sauti ya chini ya uwongo wa ulimwengu wa hamsini picha za angani ambazo zinapaswa kufurahisha hisia na mawazo na wahusika juu ya ambayo mtu anaweza utunzaji mkubwa,nothate,
,ikiwa nia nzuri ilifanya filamu kuwa nzuri basi filamu hii inaweza kuwa moja ya filamu kubwa kabisa iliyowahi kufanywa,nothate,
,bado ninafurahiya kuiangalia,nothate,
,hiyo ilikuwa nzuri,nothate,
,hiyo ilikuwa ya kuchekesha,nothate,
,vitu vyote kuzingatiwa kazi imefanywa vizuri,nothate,
,sinema moja bora zaidi ya wakati wowote na moja ambayo haieleweki hata na mexican wenyewe haijalishi wamegundulika jinsi gani,nothate,
,ni safu ya maarufu kama mchezo wa kuigizauhalifuwauhalifu maonyesho ya ajabu na belmondo na lino ventura,nothate,
,usikivu unaopewa kila mhusika na michoro tata za kisaikolojia uaminifu wa kuelezea hila upendo na tumaini ni kubwa,nothate,
,kila kitu kuhusu filamu hii ni ya kushangaza sana,nothate,
,ni mchezo bora wa kuigiza mtu mzuri na filamu bora,nothate,
,niliifurahia sana wakati christopher eccleston alipochukua udhibiti wa tardis na mwendelezo wa safu,nothate,
,kuna sehemu nyingi nzuri,nothate,
,kieslowski haachi kamwe kunishangaza,nothate,
,kumalizika kwa kushangaza kwa uwezekano wa takatifu bora ya wakati wote,nothate,
,yeye ni mmoja wa wakurugenzi niwapendao na mmoja wa wakurugenzi wenye talanta zaidi katika historia ya sinema,nothate,
,sinema tatu za kupendeza zaidi ambazo nimewahi kuona,nothate,
,na viunganisho vyake haba kati ya filamu hizo tatu ni za kushangaza,nothate,
,sikuweza kufikiria njia bora ya kumaliza filamu lakini tabasamu usoni mwangu njia nzuri ya kuunda filamu ya ajabu na trilogy,nothate,
,ninapendekeza hii kwa kila mtu anayependa filamu sinema chochote kazi ya sanaa,nothate,
, kati ya  kwa sinema na trilogy,nothate,
,nadhani nilikuwa mmoja wa watu ambao walipata hii moja ya lulu ya roth,nothate,
,utendaji wake kama alivyo tuzwa ilikuwa ya kushangaza,nothate,
,hii ni sinema ya kufurahisha na ya kuchekesha,nothate,
,katika eneo la ajabu sana liko hadithi ya tofauti,nothate,
,hadithi ambayo iliambiwa waziwazi na francis ford coppola miaka  mapema kweli hufunguka polepole na kuwaacha wahusika kukuza,nothate,
,katika eneo la ajabu kabisa liko hadithi ya tofauti,nothate,
,burudani ya kupendeza kabisa kwa pembe zote,nothate,
,kwa hivyo kwa starehe zetu tunapata kuwaona wakizunguka pande zote wakicheza michezo na kuwa hatari,nothate,
,inaangazia safu isiyo ya kukumbukwa karanga nzuri lakini inayopendeza,nothate,
,hata ina wakati wake tamu,nothate,
,wahusika wote kwenye filamu hii wamechezwa vizuri sana,nothate,
,na kweli niliwapata wanapendeza,nothate,
,ni mzuri,nothate,
,ni onyesho zuri la kutazama,nothate,
,sitasahau kamwe sasa,nothate,
,nimefurahiya sana baada ya kuona sinema kama hii,nothate,
,mwisho ni sawa kabisa utatoa machozi,nothate,
,kwa kweli hii ni sinema nzuri sana,nothate,
,ni ya kupendeza,nothate,
,mimi nilipendezwa nayo,nothate,
,watoto ni wazuri sana pia,nothate,
,lazima niseme nimeiga sehemu nyingi na ninajikuta nikizitazama tena na tena,nothate,
,sasa unajua kwanini niliipa ,nothate,
,sijui ni nini hasa juu ya sinema hii lakini tulitegemea sinema hii inayopendeza na imekuwa sehemu maalum ya kumbukumbu za familia yetu,nothate,
,ninapendekeza kabisa sinema hii kwa mtu yeyote anayependa sinema nzuri za familia kwa sababu ndivyo hii haswa,nothate,
,hii ni moja ya sinema bora huko nje ambazo zinaonyesha dhamana kubwa ya kindugu ya kila mmoja kwa kila mmoja,nothate,
,damian ana talanta sana na anashirikiana katika njia nyingi za uandishi na kuelezea sifa tofauti kwenye skrini,nothate,
,nimefurahiya kujua fikra za siku kama hizi ziko huko nje ikiachilia matamanio ya sanaa kumfanya aende na kutuchukua kama wasikilizaji pamoja naye,nothate,
,elias koteas jack palance anacheza majukumu mazuri angelina yuko moto na anakuwa uchibilly drago anaonekana katika hii na ni mzuri kama kawaida aalio na sven ole thorsen husaidia kuifanya sinema hii ya kufurahisha sana na kaimu mzuri na bajeti nzuri,nothate,
,hii ilikuwa sinema ya kushangaza kiasi kwamba niliinunua kutoka kwa ebay,nothate,
,niliipenda sana hadithi na dubu alikuwa mzuri sanalakini ikiwa kuna mtu ana swali kuhusu fort steele uliza tu,nothate,
,seti iliyoundwa mahsusi kufanya kazi na kamera ni ya kushangaza imeangaziwa nzuri na nzuri,nothate,
,wanaweza kutumiwa kama mifano kwa mbuni yeyote aliyeweka,nothate,
,baada ya kutazama filamu hii nilitaka kujifunza zaidi juu ya kazi za msanii huyu,nothate,
,ninapendekeza sinema hii kwa mtu yeyote anayevutiwa na sanaa mashairi ukumbi wa michezo siasa au historia ya japan,nothate,
,hapa katika the wind na simba tunaona toleo zuri la enzi ya imperi ya amerika,nothate,
,mama yangu na kaka walilazimika kufanya hivi nilipoona robert ryan akielezea aina hii ya mwanaume ilikuwa kuiga mzuri sana wa aina hii ya mtu na nilivutiwa,nothate,
,kinachofanya hadithi hii kuwa tofauti ni maadili ya kweli ya utengenezaji upigaji picha usio na kosa muundo na uhariri utaftaji wa kutisha brian keith aliyethamini sana kucheza historia ya uonevu teddy na wazi,nothate,
,nadhani ilikuwa filamu bora ya robert ryans kwa sababu alionyesha mtu kama baba yangu na yeye alikuwa mtaalam katika maisha halisi baba yangu ingawa hakuwahi kumuua mtu yeyote lakini aliathiriwa zaidi wakati wa vita vya pili vya ulimwengu ambavyo vilimfanya kuwa mbaya zaidi,nothate,
,sinema nzuri inamfanya yeye na monica bellucci kuonekana warembo sana,nothate,
,maoni mazuri ya mapenzi ya leo na bila shaka ni filamu inayostahili kuona,nothate,
,kwa watu ambao ndio kwanza msimu wa kutengeneza filamu nadhani walifanya kazi nzuri zaidi,nothate,
,ilikuwa maarufu sana wakati nilikuwa kwenye sinema nyumba nzuri na athari nzuri na kucheka sana,nothate,
,ni filamu ya kujisikia vizuri na ndivyo nilihisi wakati nilipotoka kwenye sinema,nothate,
,mimi badala yake nilifurahia,nothate,
,vivian schilling alifanya kazi nzuri na maandishi,nothate,
,ulimwengu bora kuliko  ya takataka kwenye sinema leo,nothate,
,jukumu lake lilichezwa vizuri,nothate,
,kamera inampenda sana kwenye sinema hii,nothate,
,sinema hii ni bora malaika ni mzuri na scamp ni wa kupendeza ilipunguza wakati anaogopa na sehemu za kufurahisha ni wakati scamp amekamatwa chini ya pazia na wakati malaika na scamp wanaimba sijawahi kuhisi huo kabla ninapendekeza kabisa sinema hii ikitoka toleo maalum mnamo juni  jalada limejaa kwenye kontena la takataka na malaika chini ya kifuniko,nothate,
,sauti ya sauti haikuwa mbaya vile vile,nothate,
,bado ilikuwa sets ambayo ilipata  kubwa kwa kiwango cha oyvey yangu,nothate,
,wote wanafanya kazi nzuri na wanapendeza,nothate,
,dakika  za mwisho za sinema pia sio mbaya pia,nothate,
,ninapenda armand assante muhtasari wa kampuni yangu ya cable ulionekana wa kufurahisha kwa hivyo niliiangalia mara mbili tayari na labda itakuwa tena,nothate,
,ninaamini mwandishi wa skrini alifanya kazi nzuri ya kumfunga mwisho,nothate,
,alama yangu ya  ni zaidi kwa njama,nothate,
,sitasema tena sipendi nyara kwa hivyo sitaki kuwa mmoja lakini ninaamini filamu hii inafaa wakati wako,nothate,
,nilivutiwa sana na tabia aliyocheza,nothate,
,nilipenda sinema hii ilikuwa taswira nzuri ya familia ambayo ilikuwa imepitia dhiki na faraja lakini mwisho wao walijua kuwa upendo maalum walikuwa nao kwa kila mmoja,nothate,
,nimeona sinema nyingi zikimwigia nyota jaclyn smith lakini mungu wangu hii ilikuwa moja bora kwake ingawa ilitoka miaka  iliyopita,nothate,
,sinema hii ilikuwa na wahusika wa nyota zote na kile nilikipenda zaidi ni kwamba ilifungua macho yangu kuona waigizaji wengine ambao sijawahi kuona hapo awali,nothate,
,sinema hii ilikuwa ya muda mrefu lakini nilifurahia kila dakika yake,nothate,
,kwa jumla nipitisha sinema hii kwa kiwango cha  kati ya ,nothate,
,sinema hii inaunda ulimwengu wake mwenyewe na inavutia kwa kila njia,nothate,
,lakini sinema hii ilinijia kweli,nothate,
,itizame,nothate,
,sinema hii ni maoni mazuri na ya kuchekesha juu ya maisha mnamo ,nothate,
,nilipata sinema hii ikiwa nzuri ya kufurahisha na yenye kuinua moyo,nothate,
,hapo awali maeneo ya ndani kwenye filamu ambayo yalipigwa picha hapa buffalo yalinishangaza,nothate,
,watazamaji wote walishangilia mwisho wa filamu,nothate,
,niliacha ukumbi wa michezo na sauti katika hatua yangu furaha moyoni mwangu na tumaini la wanadamu,nothate,
,duris ana muonekano mzuri na anatoa utendaji mzuri,nothate,
,wahusika wengine wote pia hucheza vizuri,nothate,
,waigizaji ni wazuri,nothate,
,sinema ni muhimu kujumuisha maoni mazuri ya barcelona na minara yake maarufu ya gaudi,nothate,
,ongeza betty white na jean smart na una waigizaji wakubwa kila mtu alicheza sehemu zao vizuri,nothate,
,steamboat willie ni filamu ya kushangaza katika historia yetu ya sinema,nothate,
,muonekano huu wa pili wa mickey mouse kufuatia kimya cha plane crazy mapema mwaka huo labda ni filamu yake maarufu zaidi kwa sababu ilikuwa ya kuvunja sana,nothate,
,walakini baada ya kuona fupi tena baada ya miaka kama  nilishangazwa na jinsi filamu hiyo haina wakati,nothate,
,filamu hii bado ni kati ya filamu bora za mickey hata baada ya miaka  ya ajabu,nothate,
,inafurahisha kuona mickey akicheza uturuki katika straw kwa njia ya kufikiria sana ikiwa mara kwa mara ni kali,nothate,
,mwili na nafsi  ni kito,nothate,
,john garfield ann revere lilli plmer william conrad canada lee na kutayarishwa na mmoja wa waandishi wa sinema kubwa kuwahi neema kwenye skrinijames wong howe,nothate,
,sawa napenda kujiona kuwa mkosoaji mzuri kwa hivyo nitatoa mkopo kwa sababu ya deni athari za kiumbe zilikuwa nzuri sana,nothate,
,nafasi ya pekee ya filamu hiyo ilikuwa ni yona hill ambaye ataonekana kutofahamika kwa mashabiki wa superbad ya hivi karibuni kutokana na uzito uliopotea mwakani,nothate,
,kwa kuwa mtoto wa  nilifurahia onyesho hili na naweza kusema kwa fahari kwamba nilifurahiya wakati mwingi na hata zaidi ya katuni za classical wb,nothate,
,lakini tiny toons zilishika vibe ya  na kutoa moja ya katuni maarufu zaidi za kuchekesha,nothate,
,kumbukumbu ni ngumu lakini ninaweza kusema tu kuwa nilifurahia kila sehemu na bidhaa zinazohusiana na onyesho,nothate,
,kila mhusika alikuwa wa kuchekesha sana na alistahili kuwa mhusika wa kuongoza,nothate,
,ninaamini kuwa pitch black ilifanywa vyema,nothate,
,wahusika wanavutia na unataka kujua zaidi juu yao sinema inavyoendelea na nadhani watu watashangazwa na ni nani anayeweza na asiyeweza,nothate,
,nenda uiangalie,nothate,
,inafurahisha sana,nothate,
,wahusika wanapendeza na unawajali sana,nothate,
,usikose,nothate,
,isikupite,nothate,
,aina ya papo hapo yenye sauti nzuri na wimbo wa kuvutia wakati wa sifa za kumaliza,nothate,
,hii ni sehemu nzuri ya utengenezaji wa filamu na mada nyingi zinapanda na mara kwa mara zinawaka katika warti huu na masomo yote juu ya ushairi wa miaka ya ushairi miaka ya vita ya kujipenyeza ambayo hupiga milipuko ya angani ya london na utulivu wa nje wa makazi ya pwani ya welsh mida ya mipaka kati ya urafiki tamaa na upendo kujitolea kwa sanaa na uzoefu dhidi ya wasiwasi wa vitendo wivu mashindano woga na ubinafsi dhidi ya ushujaa na kujitolea na zaidi,nothate,
,niliona filamu hii wakati wa krismasi na ilikuwa filamu nzuri sana,nothate,
,nilidhani errol flynn alikuwa kipaji kama custer na tangu amekuwa mwigizaji wangu ninayempenda,nothate,
,siku zote nilikuwa najua kuwa errol flynn alikuwa muigizaji mzuri kama yeye alikuwa mwigizaji wa baba yangu anayependa sana na nilikua nikitazama sinema zake nikiwa mtoto,nothate,
,kuigiza kwake pamoja na olivia de havilland kulikuwa na kipaji na mwisho wake ulikuwa wa kupendeza,nothate,
,nitapatia filamu hii  kati ya ,nothate,
,lakini haikuwa mpaka nilipotazama filamu hii ambayo niligundua jinsi alivyo mkubwa,nothate,
,jimmy stewart ni shujaa mkubwa wa hitchcock hadithi inaruka hadi kilele chake kwenye kazi ya ubalozi lakini inakosa hatari ya kushughulikia nyeusi na nyeupe ya bajeti ya chini ya hitchcock,nothate,
,bado filamu nyingine nzuri kutoka kwa kampuni kubwa ya bwana,nothate,
,lazima niseme kwamba filamu hii ilitengenezwa vizuri na hufunika makadirio kama filamu ya kawaida ya sci fi,nothate,
,imetengenezwa vizuri na mmoja wa wazalishaji bora wa scifi scot vandiver,nothate,
,lakini ni ya kufurahisha hata hivyo,nothate,
,ni aina ya kambi ya filamu ambayo ni furaha kutazama,nothate,
,walinifurahisha sana,nothate,
,nilifurahi kumuona inspekta mwala akitubuiza,nothate,
,waigizaji daima ni wa kufurahisha kama kawaida,nothate,
,sinema hii inafanya kazi nzuri ya kufunua ugumu wa kazi hiyo na changamoto kubwa inayowakabili afrika kusini,nothate,
,ninaamini kila mmoja anapaswa kuona sinema hii kwa sababu nadhani ni watu wachache nje ya afrika kusini wanaelewa zamani zake na kile kinachojaribiwa katika mchakato wa ukweli na maridhiano,nothate,
,utendaji bora,nothate,
,ni kweli sana kwa shakespear na ni ya lazima kwa mashabiki wote wa shakespear,nothate,
,ikiwa unapenda kifo na kuoza na nyimbo za shakespears hii ndio hiyo,nothate,
,huu ni muundo mzuri na wa kupendeza wa kitabu cha dk seuss kilichochochewa sana na upa bora na unastahili kabisa tuzo yake ya chuo,nothate,
,kutajwa maalum inapaswa kufanywa kwa alama nzuri zaidi ya muziki na athari za sauti ambayo ni nyenzo muhimu katika kusaidia kufanya hii katuni ya kukumbukwa na ya kufurahisha,nothate,
,walakini paul schrader kwa kweli ametoa filamu kuhusu mishima ambayo ni nzuri sana na ngumu,nothate,
,sio mbaya,nothate,
,si mbaya,nothate,
,hii ni sinema ya kushangaza,nothate,
,juliusan fellowes ameshinda tena,nothate,
,maonyesho ya angani yalifanywa vizuri,nothate,
,hii ni moja ya filamu za peter watkins zinazopatikana zaidi,nothate,
,ninakushauri utafute,nothate,
,hautajuta,nothate,
,uhamisho ni mzuri sana,nothate,
,seti ya kuvutia inayotumiwa katika filamu nyingi ni vito vya kupendeza macho,nothate,
,sinema imejaa densi ya ajabu muziki fulani mzuri na mazingira mazuri ajabu,nothate,
,mzuri sana,nothate,
,inashughulikia maswala magumu kwa hadhi na neema na kwa kweli ina furaha ajabu kuhisi kuishia vizuri,nothate,
,ni moja wapo ya sinema lazima nitizame kila inapotokea kwenye tv usijali ukweli kwamba tayari nimeikariri,nothate,
,niliona filamu hii na ninaipendekeza,nothate,
,ina njama nzuri sana inashikilia umakini wako kamili kaimu ni bora tom wilkinson alikuwa mzuri na emily watson pia alikuwa mzuri sana,nothate,
,filamu nzuri sana kweli juu ya upendo mkubwa na usio na masharti,nothate,
,mhusika wa emily watson ana nguvu sana na anapaswa kutoa mtazamo wa haraka tu na unaelewa kila kitu,nothate,
,kwa kweli niliipenda zaidi kuliko mahojiano na vampire na nilipenda hii lestat stuart townsend bora kuliko jaribio la cruise,nothate,
,licha ya mikusanyiko ya wahakiki nilipenda filamu hii,nothate,
,aailiyah alikuwa mzuri kama akasha katika sehemu za kulazimisha,nothate,
,mimi ni shabiki mkubwa wa safu hii zaidi kwa sababu ya mtindo wa anne rice unyeti na matibabu,nothate,
,nadhani nilipenda maelezo ya dysfunction yake alikuwa wa kuaminika,nothate,
,vipindi vya mpira wa miguu mwishoni vilikuwa vinashangaza,nothate,
,lakini nilifikiria uigizaji wake ulikuwa na ustadi,nothate,
,filamu nzuri sana yenye hisia nzuri na moyo,nothate,
,filamu hii ya mapema kutoka kwa mjumuia wa baadaye lucio fulci ni nyongeza nzuri kwa aina ndogo ya giallo,nothate,
,tisa kati ya kumi kwa filamu ya kupendeza,nothate,
,meredith m alikuwa bora kuliko sawa,nothate,
,hii ni moja ya washambuliaji bora wa italia wa miaka ya mapema ya ,nothate,
,kitaalam filamu hiyo imetengenezwa vizuri na kazi ya kuvutia ya kamera kazi ya uigizo na muziki mzuri kutoka kwa riz ortolani haswa nzuri ni sauti ya mara kwa mara isiyoambatana ya kike ambayo inaonekana kama inatoka kwenye kilima cha mbali,nothate,
,bado ni vitu vya mwitu ingawa na inashauriwa sana kwa mashabiki wa sinema ya giallo,nothate,
,sinema hiyo ilikuwa ya kupendeza sana tangu mwanzo hadi mwisho,nothate,
,nilipenda jinsi mhusika wa dustin hoffman ilikuwa tayari kufanya karibu kila kitu ili kukaa na mtoto wake,nothate,
,sinema hii pia inafafanua,nothate,
,ilifafanuliwa vyema,nothate,
,ilifafanuliwa vizuri,nothate,
,ni athari mpya hila na bora,nothate,
,mhakiki wa italia aliiita hii filamu ndogo kubwa na hiyo ni kweli,nothate,
,waigizaji wote hutoa utendaji mzuri sana haswa jennifer rubin kama jamie harris ambaye hubadilika kutoka gombo la habari mwanzoni kupitia matukio ya kushangaza ambayo yeye ni sehemu ya nyota nzuri,nothate,
,mwanamuziki mwigizaji na mpishi hodari,nothate,
,unajifunza mengi juu ya hisia za ndani za watu kwenye sinema hii na mengi juu ya biashara ya sinema yenyewe,nothate,
,huwezi sahau filamu hii,nothate,
,hautasahau sinema hii,nothate,
,pia muziki na mark snow ndio alama bora kabisa ambayo nimewahi kusikia,nothate,
,niliona nikiwa mtoto kwenye tv mnamo  wakati ilikuwa mgeni na niliipenda,nothate,
,,nothate,
,ninapenda sinema za scream na sinema zote za kutisha na hii inaongoza huko,nothate,
,nilipenda ilikuwa ya kutisha sana,nothate,
,sinema hii ni ya kushangaza sana,nothate,
,hii ni filamu ya ajabu,nothate,
,filamu hii inadhihirisha dosari za msingi za mchakato wa kisheria kwamba sio juu ya kugundua hatia au hatia lakini ni juu ya nani anayewasilisha bora mahakamani,nothate,
,filamu hiyo imeandaliwa vizuri imepigwa chini na ni moja ya kumbukumbu bora ya mahakama,nothate,
,hii sinema ya runinga inayozingatia ukweli hupata kuongezeka kutoka kwa utendaji mzuri wa cole,nothate,
,yeye hubeba sinema vizuri,nothate,
,constantine anapea kila kitu nguvu inayofaa na anaonekana kuwa na uelewa mzuri wa misukumo ya kisaikolojia,nothate,
,ni nzuri na ya kusisimua kutazama na ninatumahi kuwa itatolewa tena kwa video au dvd,nothate,
,kuhariri uhariri wa filamu hii ulikuwa wa kushangaza kwa maoni yangu,nothate,
,sinema filamu ilipigwa kwa njia ya kupendeza,nothate,
,filamu hii hutoa furaha nyingi na mshangao,nothate,
,wakati achille na philippa wakiimba vizuri densi kutoka kwa don giovanni ambayo inaelezea hali yao kikamilifu katika sinema unathamini tabaka ndogo za filamu hii bora,nothate,
,hadithi hiyo inajitokeza katika karne ya  jutland na utumiaji wa muziki wa kipindi uliochezwa kwenye vyombo vya kipindi ni mguso mmoja tu mzuri,nothate,
,unashiriki furaha kubwa ya general loewenhielm katika kushiriki kwake kwa cailles en sarcophage hata ikiwa unatazama sinema tu lakini unatamani sampuli ndogo tu ya kunukia,nothate,
,lakini filamu hii inaacha maoni ya kudumu,nothate,
,hitimisho nilipenda,nothate,
,ni muda mrefu tangu niliburudishwa na sinema,nothate,
,angalia maneno yangu hii ni moja ya sinema hizo za ibada kama evil dead  au phantasm ambayo watu watakuwa wakigundua na kuipendana miaka    inayokuja,nothate,
,inashangaza kwamba filamu hii nzuri ilitengenezwa mnamo ,nothate,
,filamu inastahili kudos kali kwa kuchukua msimamo huu kwa kuwa na uigizaji wa kipekee kutoka kwa wahusika wasiojulikana zaidi na maandishi yenye busara ambayo hayatusi watazamaji au kuchukua njia rahisi ya nje inapofikia ubaguzi wa rangi nyeupe,nothate,
,inafanya kazi ya kushangaza,nothate,
,juano hernandez muigizaji wa kipekee aliyecheza majukumu ya kuunga mkono katika filamu nyingi za enzi hizo ni mtu mweusi mwenye kiburi ambaye anatuhumiwa kumuua mzungu huko kusini,nothate,
,napenda lucy,nothate,
,ione pamoja na watoto wako ikiwa una nafasi itafungua mazungumzo ya kushangaza kuhusu jinsi uhusiano wa rangi umekuja katika miaka  iliyopita,nothate,
,tazama filamu zote mbili ikiwa unaweza,nothate,
,ilikuwa mwaka huo hata hivyo ambayo ilitukumbusha kwamba huston alikuwa bado juu ya mchezo wake kama ilivyothibitishwa na uvumbuzi wa riwaya ya james joyce,nothate,
,sinema hii labda ni moja ya kazi ya ubunifu wa kutisha milele,nothate,
,athari maalum za kuvutia siwezi kupendekeza sinema hii ya kutosha,nothate,
,mwisho wake ni wa kushangaza sana,nothate,
,sehemu bora kwenye sinema iko mwisho,nothate,
,filamu isiyosahaulika kwa urahisi,nothate,
,lakini kevin spacey ni tsunami bora ya maneno kama buddy ackerman na anaaminika kabisa kwa sababu yeye ni muigizaji mzuri,nothate,
,maandishi ya ucheshi wa hila hayawezi kulinganishwa na sinema yoyote katika miaka ya hivi karibuni,nothate,
,wahusika wanavutia,nothate,
,sinema nzuri,nothate,
,linda cardellini ndiye kitu kizuri katika filamu hii,nothate,
,yeye ni wa kushangaza,nothate,
,ukweli ni kwamba filamu hii ni hadithi ya ajabu yenye kufurahisha juu ya watu wawili,nothate,
,kuna hata hivyo kaimu mzuri kabisa angalau kwa aina hii ya filamu,nothate,
,niliona filamu fupi hii kwenye hbo siku nyingine na niliipenda kabisa,nothate,
,sikugundua jinsi ya kifupi ni nzuri sana hadi sura mbili za mwisho,nothate,
,filamu fupi bora,nothate,
,nakubaliana na jessica sinema hii ni nzuri sana,nothate,
,natumai mkurugenzi james cox anaweza kugeuza fupi kuwa filamu ya urefu wa filamu na filamu moja au kutushinda na filamu mpya,nothate,
,paolo sorrentino ameandika hadithi nzuri juu ya upweke na tony ameunda mhusika asiyeweza kusahaulika zaidi kwenye sinema katika miaka ya hivi karibun,nothate,
,ninapenda sinema hii ,nothate,
,ana moyo mkujufu,nothate,
,wahusika wakuu wawili wanaweza kuwa watoto wawili wanaoaminika sana ambao nimewahi kuona wakiwekwa kwenye skrini,nothate,
,haipuuzi kamwe wahusika wote wana mioyo nzuri ya kweli na shida za kuaminika,nothate,
,wao ni rahisi kupenda lakini pia ni rahisi kujitabulisha nao,nothate,
,sinema hii ni nzuri haswa ikiwa unafurahiya sanaa ya kuona,nothate,
,hadithi hiyo pia ni ya kuchekesha na yenye hisia wakati mwingine,nothate,
,watu ambao wanapenda filamu za ulaya na sinema za sanaa watapenda sinema hii,nothate,
,ni sinema moja ambayo huwa haikosi kunipendeza kwa sababu inanifanya niwe macho ninapojaribu kujaribu kungamua maana yake,nothate,
,lakini ikiwa ulipenda sinema kama the matrix na bora zaidi safu zao nadhani utathamini uzoefu unaofurahisha mzuri wa mawazo wa filamu hii utakupa,nothate,
,ni nzuri tu,nothate,
,inapendeza kweli,nothate,
,filamu hiyo ni ya kupendeza,nothate,
,mzuri tu,nothate,
,lakini ilichukua kasi na ikafika sawa,nothate,
,ilinifurahisha sana,nothate,
,nilifurahia,nothate,
,nimeipendekeza kwa marafiki,nothate,
,nilifurahishwa sana na uwezo wa kaimu wa dwight schultz,nothate,
,mazungumzo ya filamu ni ya asili halisi kwa maisha,nothate,
,mashabiki wa aina hiyo watakuwa mbinguni,nothate,
,lange alikuwa mwigizaji mzuri,nothate,
,ilionekana kama hadithi ya ajabu,nothate,
,mlolongo wa ufunguzi wa gem hii ni ya asili na michezo ya paka na panya inayofuata ni ya kufurahisha kutazama,nothate,
,imependekezwa kwa ujasiri,nothate,
,sinema hii inasawazishwa vizuri na vichekesho na mchezo wa kuigiza na nilijifurahisha sana,nothate,
,bado ni ya kuvutia sana na ya burudani kufuatilia,nothate,
,yeye ni mzuri kama kawaida,nothate,
,ikiwa haujaona sinema hii ninapendekeza,nothate,
,ninaendelea kuitazama mara kwa mara,nothate,
,ni sinema ya kusikitisha lakini nzuri sana,nothate,
,judith light ni mmoja wapo wa waigizaji niwapendao na nadhani anafanya kazi nzuri sana kwenye filamu hii,nothate,
,ni sinema ya televisheni iliyofanywa vizuri sana,nothate,
,halafu niliitazama tena jumapili mbili zilizopita machi   na nilianza kuifurahia sana na wakati huu niliiga kitu nzima,nothate,
,fikiria hadithi bora tu kaimu thabiti na mwonekano wa filamu kama mafao yaliyoongezwa,nothate,
,bado hufanya kwa haya yote na mwisho mzuri ambao unaonyesha chombo kikubwa cha baharini kinachukuliwa na baridi kali,nothate,
,nilinunua hii kutumia na kidle fire yangu na niliipenda kabisa,nothate,
,inafanya kazi nzuri,nothate,
,ubora mzuri sana ingawa,nothate,
,na ubora wa sauti ni nzuri,nothate,
,mic ni nzuri,nothate,
,nimemiliki simu hii kwa miezi  sasa na naweza kusema kuwa ndio simu ya rununu bora kabisa ambayo nimekuwa nayo,nothate,
,bidhaa hii ni bora kwa watu kama mimi ambao masikio ni nyeti sana,nothate,
,the case is great and works fine with the ,nothate,
,imeendelea vizuri sana,nothate,
,inayo kamera nzuri sana ambayo ni mp na picha zake ni nzuri na wazi na ubora wa picha,nothate,
,kichwa cha bei nzuri,nothate,
,inayo vipengee vyote ninavyotaka,nothate,
,kesi hii inaonekana imeundwa vizuri,nothate,
,simu hii ni nzuri na sijawahi kupata shida yoyote nayo,nothate,
,napenda kifaa hiki,nothate,
,ninapenda jambo hili,nothate,
,kila kitu juu yake ni sawa na nzuri kwa bei,nothate,
,mimi hata niliitupa simu hii kwenye mkondo na ilikuwa imeingia kwa sekunde  na bado inafanya kazi nzuri,nothate,
,nimefurahi sana na  na sijakuwa na malalamiko yoyote kutoka kwa mtu yeyote kuhusu ubora wa sauti,nothate,
,ninapendekeza hizi kwa kuwa zinaonekana nzuri sana kifahari na nzuri,nothate,
,sauti hizi za rununu zilikuwa nzuri na nadhani labda ni ununuzi bora kabisa ambao nimefanya katika miaka kadhaa iliyopita kwa umakini,nothate,
,nzuri kwa ipod pia,nothate,
,hii ni simu nzuri,nothate,
,kituo kizuri cha kubeba nyumba au kazi,nothate,
,chaguo nzuri,nothate,
,kifaa hiki ni nzuri katika hali kadhaa ,nothate,
,napenda bidhaa hii,nothate,
,ninapenda simu hii ni nzuri sana na ina sifa nyingi,nothate,
,ninavaa kila siku na inashikilia vizuri sana,nothate,
,iliyowekwa vizuri ikafika kwa wakati na inafanya kazi kama ilivyokusudiwa,nothate,
,ni rahisi kutumia na kila mtu anaipenda,nothate,
,ni rahisi kutumia na kila mtu anazipenda,nothate,
,simu hii inafanya kazi vizuri,nothate,
,bidhaa ilikuwa bora na inafanya kazi vizuri kuliko ya verizon na bei ilikuwa rahisi,nothate,
,imetengenezwa kwa nguvu sana,nothate,
,ilifanya vyema,nothate,
,imefanya kazi nzuri,nothate,
,bora nimepata hivi sasa nimejaribu bluu zingine  na hii ina ubora bora kwangu na msikilizaji na urahisi wa kutumia,nothate,
,bei ilikuwa nzuri sana na kwa usafirishaji wa bure na yote yalikuwa ununuzi mzuri,nothate,
,faida kamera nzuri picha nzuri sana pia ina mitindo mizuri kama nyeusi na nyeupe na zaidi,nothate,
,ubora wa sauti kwenye mwisho wote ni bora,nothate,
,ni vizuri sana kwenye sikio,nothate,
,simu hii ni ndogo na nyepesi na onyesho ni nzuri,nothate,
,nimefurahiya sana ununuzi wangu,nothate,
,imekuwa mshindi kwetu,nothate,
,sauti nzuri,nothate,
,nimekuwa na bluu yangu kwa wiki chache lakini ninaipenda sana,nothate,
,ni ndogo sana na haujui hata kuwa iko baada ya muda wa kuizoea,nothate,
,kiliwekwa vizuri ili kuepusha uharibifu wowote,nothate,
,ninapendekeza kabisa,nothate,
,vitu vizuri sana kwa bei poa,nothate,
,sikuwa na shida kuunganisha,nothate,
,simu hii ni haraka sana na kutuma aina yoyote ya ujumbe na kuvinjari kwa wavuti ni haraka sana kuliko simu za zamani ambazo nimetumia,nothate,
,bidhaa hii ni ya kupendeza na inafanya kazi kikamilifu,nothate,
,na napenda rangi tu,nothate,
,duka bora mkondoni,nothate,
,mashaallah mtoto mzuri huyu,nothate,
,matukio yalitufurahisha sisi,nothate,
,tulifurahia matukio hao,nothate,
,tulikuwa na furaha japo marehemu alikuwa rafiki yetu,nothate,
,furaha ilitanda,nothate,
,walifurahi walipoambiwa habari njema,nothate,
,hio ni habari njema,nothate,
,watoto wetu walifanya vyema,nothate,
,wanafaa kutuzwa kutokana na juhudi zao za kupigania haki za kina mama,nothate,
,rais alifurahi kuona timu ya nchi yake ikituzwa zawadi kemkem,nothate,
,walifurahi tulipowaambia habari zenu,nothate,
,nilifurahi waliponiambia twende nyumbani kwa baba,nothate,
,babu anawapenda wajukuu wakee,nothate,
,mawaidha yake yalitufaa sisi,nothate,
,tulipita mtihani,nothate,
,atafurahi kusikia mkee wake ni mjaa mzito,nothate,
,dawa hiyo ime nifaa sana nimepata nafuu,nothate,
,wachezaji wanapenda kufunga mabao,nothate,
,alimpenda msichana yule wa kike sana,nothate,
,kuna vitabu vingi vizuri huku maktabani,nothate,
,kitabu hiki ni kizuri sana,nothate,
,viazi vile vinaonekana,nothate,
,kiazi kile kinaonekana,nothate,
,tulipenda walivyo kuwa wakiimba,nothate,
,huyo mtu ana nguvu nyingi sana,nothate,
,mswada wapendekeza halmashauri mpya kusimamia sekta ya majani chai,nothate,
,bado nawapenda wote,nothate,
,bila shaka ni miongoni mwa wasanii wanaoibukia wanaoendelea kuvumisha jukwaa la muziki wa kumtukuza mungu kwa mitindo ya kizazi kipya inayoendelea kuchangamsha wengi,nothate,
,kadhalika anajivunia kutunukiwa kipaji cha uigizaji,nothate,
,ninaamini nina uwezo tosha kufanya vizuri katika muziki na kufikia upeo wa juu kama ilivyo kwa wanamuziki wengine wanaotunga nyimbo za kumtukuza mungu,nothate,
,anahisi nyimbo hiyo itafanya vizuri kuliko zingine alizowahi tunga,nothate,
,msanii bora wa kiume,nothate,
,ya kuvutia,nothate,
,inavutia sana,nothate,
,lakini sio saa mbaya,nothate,
,kibeng itabaki kuwa kileleni bila kelele hata wakifunga kibao,nothate,
,upande wa uchukuzi wa mizigo uliimarika,nothate,
,hiyo ni kazi nzuri,nothate,
,swadakta kabisa kwa kazi nzuri,nothate,
,shwari kabisa,nothate,
,asante kwa kuepuka kifo na kuwaelimisha vijana wengine,nothate,
,hongera,nothate,
,ningependa kuipongeza serikali yetu ya kitaifa hasa wanajeshi wetu kwa juhudi zao katika kuleta amani eneo hili,nothate,
,lamu ni shwari na salama kwa uwekezaji,nothate,
,lamu ni pahala patulivu na lazima kila mmoja ajivunie kuwa hapa,nothate,
,c naishi ngambo ya ethiopia na ninapendezwa na ngoma za platnumz,nothate,
,hiyo ni kweli lakini ukiugeuza umaarufu huo wa wema na kuupeleka katika muktadha wa biashara na jinsi anavyokubalika hakuna anayemfikia wema,nothate,
,wema ni brand inayouzika kirahisi,nothate,
,kuandikwa mara kwa mara kwenye magazeti ya udaku ambapo mara nyingi si kwa kupenda yeye kumemfanya wema awe dhahabu inayotamaniwa kushikwa na kila mtu,nothate,
,habari za wema hapa bongo zimekuwa zikipata hits kusomwa zaidi kuliko habari yoyote ya staa yoyote yule unayemjua hapa tanzania,nothate,
,story za wema husomwa zaidi na kupata comments nyingi kuliko za wengine wote,nothate,
,kama leo hii wema akisema aanzishe bidhaa yoyote inayowalenga vijana haitachukua muda kushika na kutafutwa kama njugu,nothate,
,wema sepetu ni mwanamke mwenye ushawishi mkubwa,nothate,
,wema ni show stopper kama akiingia ukumbini kwenye shughuli shughuli hiyo husimama kwa muda kutokana na watu kugeuka kutaka kumwangalia kwa uzuri zaidi wakati akielekea sehemu ya kukaa,nothate,
,sauti yake yenye mamlaka na ubunifu hewani ulikifanya kipindi hicho kuwa maarufu kuliko vingine vya burudani katika radio hiyo inayomilikiwa na kampuni ya ipp,nothate,
,si maarufu tu redioni bali pia ndiye mtangazaji wa tanzania mwenye mashabiki wengi zaidi kwenye mitandao ya kijamii,nothate,
,nancy sumari ni msichana mrembo mpole na mcheshi,nothate,
,ay ni msanii smart mbunifu risk taker na anayeijua biashara ya muziki,nothate,
,fareed kubanda si rapper anayeheshimika tu kama mwandishi mkali wa mashairi bali pia anatambulika kwa kujihusisha kwake na shughuli za kijamii,nothate,
,ndiye msanii wa kike tanzania anayeheshimika na mwenye mafanikio zaidi,nothate,
,ni muigizaji wa kiume anayependwa zaidi kwa sasa na filamu zake zimekuwa kivutio kwa watu wengi wa kila rika,nothate,
,ngoma hiyo ilipokelewa vizuri na mashabiki wa muziki na miongoni mwa nyimbo zilizopata downloads nyingi zaidi mtandaoni,nothate,
,ni mcheshi mrembo na ambaye siku zote hupenda kuwapa moyo hata wale ambao uwezo wao ni mdogo,nothate,
,ni msichana mrembo anayejiamini na machachari hewani huku akiwa na fanbase ya nguvu,nothate,
,king majuto ni mchekeshaji bora zaidi nchini kuliko wachekeshaji wote,,
